Unnamed: 0,video_id,dataset,path,clip_end_frame,fps,label
0,tadp_accident/video1,tadp,C:\Users\yashr\Downloads\sampled_frames\video1,355,24,1
1,tadp_accident/video10,tadp,C:\Users\yashr\Downloads\sampled_frames\video10,731,30,1
2,tadp_accident/video100,tadp,C:\Users\yashr\Downloads\sampled_frames\video100,1625,30,1
3,tadp_accident/video101,tadp,C:\Users\yashr\Downloads\sampled_frames\video101,1569,25,1
4,tadp_accident/video102,tadp,C:\Users\yashr\Downloads\sampled_frames\video102,383,30,1
5,tadp_accident/video103,tadp,C:\Users\yashr\Downloads\sampled_frames\video103,558,26,1
6,tadp_accident/video104,tadp,C:\Users\yashr\Downloads\sampled_frames\video104,608,24,1
7,tadp_accident/video105,tadp,C:\Users\yashr\Downloads\sampled_frames\video105,258,24,1
8,tadp_accident/video106,tadp,C:\Users\yashr\Downloads\sampled_frames\video106,231,30,1
9,tadp_accident/video107,tadp,C:\Users\yashr\Downloads\sampled_frames\video107,372,25,1
10,tadp_accident/video108,tadp,C:\Users\yashr\Downloads\sampled_frames\video108,1130,25,1
11,tadp_accident/video109,tadp,C:\Users\yashr\Downloads\sampled_frames\video109,371,26,1
12,tadp_accident/video11,tadp,C:\Users\yashr\Downloads\sampled_frames\video11,287,30,1
13,tadp_accident/video110,tadp,C:\Users\yashr\Downloads\sampled_frames\video110,338,30,1
14,tadp_accident/video111,tadp,C:\Users\yashr\Downloads\sampled_frames\video111,1951,25,1
15,tadp_accident/video112,tadp,C:\Users\yashr\Downloads\sampled_frames\video112,1893,24,1
16,tadp_accident/video113,tadp,C:\Users\yashr\Downloads\sampled_frames\video113,2143,24,1
17,tadp_accident/video114,tadp,C:\Users\yashr\Downloads\sampled_frames\video114,472,25,1
18,tadp_accident/video115,tadp,C:\Users\yashr\Downloads\sampled_frames\video115,178,25,1
19,tadp_accident/video116,tadp,C:\Users\yashr\Downloads\sampled_frames\video116,447,25,1
20,tadp_accident/video117,tadp,C:\Users\yashr\Downloads\sampled_frames\video117,224,25,1
21,tadp_accident/video118,tadp,C:\Users\yashr\Downloads\sampled_frames\video118,460,25,1
22,tadp_accident/video119,tadp,C:\Users\yashr\Downloads\sampled_frames\video119,289,25,1
23,tadp_accident/video12,tadp,C:\Users\yashr\Downloads\sampled_frames\video12,167,24,1
24,tadp_accident/video120,tadp,C:\Users\yashr\Downloads\sampled_frames\video120,235,25,1
25,tadp_accident/video121,tadp,C:\Users\yashr\Downloads\sampled_frames\video121,278,30,1
26,tadp_accident/video122,tadp,C:\Users\yashr\Downloads\sampled_frames\video122,899,25,1
27,tadp_accident/video123,tadp,C:\Users\yashr\Downloads\sampled_frames\video123,357,30,1
28,tadp_accident/video124,tadp,C:\Users\yashr\Downloads\sampled_frames\video124,134,25,1
29,tadp_accident/video125_1,tadp,C:\Users\yashr\Downloads\sampled_frames\video125_1,474,25,1
30,tadp_accident/video125_2,tadp,C:\Users\yashr\Downloads\sampled_frames\video125_2,125,25,1
31,tadp_accident/video126,tadp,C:\Users\yashr\Downloads\sampled_frames\video126,187,25,1
32,tadp_accident/video127,tadp,C:\Users\yashr\Downloads\sampled_frames\video127,301,29,1
33,tadp_accident/video128,tadp,C:\Users\yashr\Downloads\sampled_frames\video128,674,25,1
34,tadp_accident/video129,tadp,C:\Users\yashr\Downloads\sampled_frames\video129,291,30,1
35,tadp_accident/video13,tadp,C:\Users\yashr\Downloads\sampled_frames\video13,515,30,1
36,tadp_accident/video130,tadp,C:\Users\yashr\Downloads\sampled_frames\video130,524,30,1
37,tadp_accident/video131,tadp,C:\Users\yashr\Downloads\sampled_frames\video131,383,30,1
38,tadp_accident/video132,tadp,C:\Users\yashr\Downloads\sampled_frames\video132,284,25,1
39,tadp_accident/video133,tadp,C:\Users\yashr\Downloads\sampled_frames\video133,509,25,1
40,tadp_accident/video134,tadp,C:\Users\yashr\Downloads\sampled_frames\video134,427,30,1
41,tadp_accident/video135,tadp,C:\Users\yashr\Downloads\sampled_frames\video135,410,30,1
42,tadp_accident/video136,tadp,C:\Users\yashr\Downloads\sampled_frames\video136,403,24,1
43,tadp_accident/video137,tadp,C:\Users\yashr\Downloads\sampled_frames\video137,547,25,1
44,tadp_accident/video138,tadp,C:\Users\yashr\Downloads\sampled_frames\video138,432,25,1
45,tadp_accident/video139,tadp,C:\Users\yashr\Downloads\sampled_frames\video139,292,29,1
46,tadp_accident/video14,tadp,C:\Users\yashr\Downloads\sampled_frames\video14,1378,29,1
47,tadp_accident/video140,tadp,C:\Users\yashr\Downloads\sampled_frames\video140,308,30,1
48,tadp_accident/video141,tadp,C:\Users\yashr\Downloads\sampled_frames\video141,458,30,1
49,tadp_accident/video142,tadp,C:\Users\yashr\Downloads\sampled_frames\video142,382,25,1
50,tadp_accident/video143,tadp,C:\Users\yashr\Downloads\sampled_frames\video143,404,28,1
51,tadp_accident/video144,tadp,C:\Users\yashr\Downloads\sampled_frames\video144,197,23,1
52,tadp_accident/video145,tadp,C:\Users\yashr\Downloads\sampled_frames\video145,647,24,1
53,tadp_accident/video146,tadp,C:\Users\yashr\Downloads\sampled_frames\video146,646,25,1
54,tadp_accident/video147,tadp,C:\Users\yashr\Downloads\sampled_frames\video147,1698,30,1
55,tadp_accident/video148,tadp,C:\Users\yashr\Downloads\sampled_frames\video148,334,25,1
56,tadp_accident/video149,tadp,C:\Users\yashr\Downloads\sampled_frames\video149,557,30,1
57,tadp_accident/video15,tadp,C:\Users\yashr\Downloads\sampled_frames\video15,188,30,1
58,tadp_accident/video150,tadp,C:\Users\yashr\Downloads\sampled_frames\video150,357,25,1
59,tadp_accident/video151,tadp,C:\Users\yashr\Downloads\sampled_frames\video151,232,25,1
60,tadp_accident/video152,tadp,C:\Users\yashr\Downloads\sampled_frames\video152,335,24,1
61,tadp_accident/video153,tadp,C:\Users\yashr\Downloads\sampled_frames\video153,199,25,1
62,tadp_accident/video154,tadp,C:\Users\yashr\Downloads\sampled_frames\video154,1268,30,1
63,tadp_accident/video155,tadp,C:\Users\yashr\Downloads\sampled_frames\video155,431,30,1
64,tadp_accident/video156,tadp,C:\Users\yashr\Downloads\sampled_frames\video156,292,25,1
65,tadp_accident/video157,tadp,C:\Users\yashr\Downloads\sampled_frames\video157,344,25,1
66,tadp_accident/video158,tadp,C:\Users\yashr\Downloads\sampled_frames\video158,949,25,1
67,tadp_accident/video159,tadp,C:\Users\yashr\Downloads\sampled_frames\video159,517,24,1
68,tadp_accident/video16,tadp,C:\Users\yashr\Downloads\sampled_frames\video16,299,30,1
69,tadp_accident/video160,tadp,C:\Users\yashr\Downloads\sampled_frames\video160,373,25,1
70,tadp_accident/video161,tadp,C:\Users\yashr\Downloads\sampled_frames\video161,1168,28,1
71,tadp_accident/video162,tadp,C:\Users\yashr\Downloads\sampled_frames\video162,461,30,1
72,tadp_accident/video163,tadp,C:\Users\yashr\Downloads\sampled_frames\video163,322,24,1
73,tadp_accident/video164,tadp,C:\Users\yashr\Downloads\sampled_frames\video164,457,25,1
74,tadp_accident/video165,tadp,C:\Users\yashr\Downloads\sampled_frames\video165,370,25,1
75,tadp_accident/video166,tadp,C:\Users\yashr\Downloads\sampled_frames\video166,264,25,1
76,tadp_accident/video167,tadp,C:\Users\yashr\Downloads\sampled_frames\video167,656,30,1
77,tadp_accident/video168,tadp,C:\Users\yashr\Downloads\sampled_frames\video168,259,14,1
78,tadp_accident/video169,tadp,C:\Users\yashr\Downloads\sampled_frames\video169,329,30,1
79,tadp_accident/video17,tadp,C:\Users\yashr\Downloads\sampled_frames\video17,230,30,1
80,tadp_accident/video170,tadp,C:\Users\yashr\Downloads\sampled_frames\video170,824,25,1
81,tadp_accident/video171,tadp,C:\Users\yashr\Downloads\sampled_frames\video171,386,30,1
82,tadp_accident/video172,tadp,C:\Users\yashr\Downloads\sampled_frames\video172,355,29,1
83,tadp_accident/video173,tadp,C:\Users\yashr\Downloads\sampled_frames\video173,762,30,1
84,tadp_accident/video174,tadp,C:\Users\yashr\Downloads\sampled_frames\video174,455,30,1
85,tadp_accident/video175,tadp,C:\Users\yashr\Downloads\sampled_frames\video175,789,25,1
86,tadp_accident/video176,tadp,C:\Users\yashr\Downloads\sampled_frames\video176,474,25,1
87,tadp_accident/video177,tadp,C:\Users\yashr\Downloads\sampled_frames\video177,230,30,1
88,tadp_accident/video178,tadp,C:\Users\yashr\Downloads\sampled_frames\video178,316,30,1
89,tadp_accident/video179,tadp,C:\Users\yashr\Downloads\sampled_frames\video179,504,25,1
90,tadp_accident/video18,tadp,C:\Users\yashr\Downloads\sampled_frames\video18,329,24,1
91,tadp_accident/video180,tadp,C:\Users\yashr\Downloads\sampled_frames\video180,231,20,1
92,tadp_accident/video181,tadp,C:\Users\yashr\Downloads\sampled_frames\video181,263,30,1
93,tadp_accident/video182,tadp,C:\Users\yashr\Downloads\sampled_frames\video182,414,25,1
94,tadp_accident/video183,tadp,C:\Users\yashr\Downloads\sampled_frames\video183,452,25,1
95,tadp_accident/video184,tadp,C:\Users\yashr\Downloads\sampled_frames\video184,633,27,1
96,tadp_accident/video185,tadp,C:\Users\yashr\Downloads\sampled_frames\video185,224,25,1
97,tadp_accident/video186,tadp,C:\Users\yashr\Downloads\sampled_frames\video186,372,25,1
98,tadp_accident/video187,tadp,C:\Users\yashr\Downloads\sampled_frames\video187,709,25,1
99,tadp_accident/video188,tadp,C:\Users\yashr\Downloads\sampled_frames\video188,324,30,1
100,tadp_accident/video189,tadp,C:\Users\yashr\Downloads\sampled_frames\video189,479,24,1
101,tadp_accident/video19,tadp,C:\Users\yashr\Downloads\sampled_frames\video19,446,30,1
102,tadp_accident/video190,tadp,C:\Users\yashr\Downloads\sampled_frames\video190,740,30,1
103,tadp_accident/video191,tadp,C:\Users\yashr\Downloads\sampled_frames\video191,189,25,1
104,tadp_accident/video192,tadp,C:\Users\yashr\Downloads\sampled_frames\video192,287,25,1
105,tadp_accident/video193,tadp,C:\Users\yashr\Downloads\sampled_frames\video193,661,24,1
106,tadp_accident/video194,tadp,C:\Users\yashr\Downloads\sampled_frames\video194,430,30,1
107,tadp_accident/video195,tadp,C:\Users\yashr\Downloads\sampled_frames\video195,717,25,1
108,tadp_accident/video196,tadp,C:\Users\yashr\Downloads\sampled_frames\video196,383,54,1
109,tadp_accident/video197,tadp,C:\Users\yashr\Downloads\sampled_frames\video197,395,30,1
110,tadp_accident/video198,tadp,C:\Users\yashr\Downloads\sampled_frames\video198,365,30,1
111,tadp_accident/video199,tadp,C:\Users\yashr\Downloads\sampled_frames\video199,684,24,1
112,tadp_accident/video2,tadp,C:\Users\yashr\Downloads\sampled_frames\video2,599,30,1
113,tadp_accident/video20,tadp,C:\Users\yashr\Downloads\sampled_frames\video20,574,25,1
114,tadp_accident/video200,tadp,C:\Users\yashr\Downloads\sampled_frames\video200,302,30,1
115,tadp_accident/video201,tadp,C:\Users\yashr\Downloads\sampled_frames\video201,416,30,1
116,tadp_accident/video202,tadp,C:\Users\yashr\Downloads\sampled_frames\video202,494,30,1
117,tadp_accident/video203,tadp,C:\Users\yashr\Downloads\sampled_frames\video203,305,30,1
118,tadp_accident/video204,tadp,C:\Users\yashr\Downloads\sampled_frames\video204,377,30,1
119,tadp_accident/video205,tadp,C:\Users\yashr\Downloads\sampled_frames\video205,249,25,1
120,tadp_accident/video206,tadp,C:\Users\yashr\Downloads\sampled_frames\video206,239,25,1
121,tadp_accident/video207,tadp,C:\Users\yashr\Downloads\sampled_frames\video207,497,30,1
122,tadp_accident/video208,tadp,C:\Users\yashr\Downloads\sampled_frames\video208,234,25,1
123,tadp_accident/video209,tadp,C:\Users\yashr\Downloads\sampled_frames\video209,1117,25,1
124,tadp_accident/video21,tadp,C:\Users\yashr\Downloads\sampled_frames\video21,344,25,1
125,tadp_accident/video22,tadp,C:\Users\yashr\Downloads\sampled_frames\video22,233,21,1
126,tadp_accident/video23,tadp,C:\Users\yashr\Downloads\sampled_frames\video23,357,25,1
127,tadp_accident/video24,tadp,C:\Users\yashr\Downloads\sampled_frames\video24,262,25,1
128,tadp_accident/video25,tadp,C:\Users\yashr\Downloads\sampled_frames\video25,253,30,1
129,tadp_accident/video26,tadp,C:\Users\yashr\Downloads\sampled_frames\video26,829,25,1
130,tadp_accident/video27,tadp,C:\Users\yashr\Downloads\sampled_frames\video27,355,30,1
131,tadp_accident/video28,tadp,C:\Users\yashr\Downloads\sampled_frames\video28,416,30,1
132,tadp_accident/video29,tadp,C:\Users\yashr\Downloads\sampled_frames\video29,472,25,1
133,tadp_accident/video3,tadp,C:\Users\yashr\Downloads\sampled_frames\video3,772,25,1
134,tadp_accident/video30,tadp,C:\Users\yashr\Downloads\sampled_frames\video30,748,30,1
135,tadp_accident/video31,tadp,C:\Users\yashr\Downloads\sampled_frames\video31,531,24,1
136,tadp_accident/video32,tadp,C:\Users\yashr\Downloads\sampled_frames\video32,364,25,1
137,tadp_accident/video33,tadp,C:\Users\yashr\Downloads\sampled_frames\video33,105,20,1
138,tadp_accident/video34,tadp,C:\Users\yashr\Downloads\sampled_frames\video34,78,20,1
139,tadp_accident/video35,tadp,C:\Users\yashr\Downloads\sampled_frames\video35,69,20,1
140,tadp_accident/video36,tadp,C:\Users\yashr\Downloads\sampled_frames\video36,70,20,1
141,tadp_accident/video37,tadp,C:\Users\yashr\Downloads\sampled_frames\video37,72,20,1
142,tadp_accident/video38,tadp,C:\Users\yashr\Downloads\sampled_frames\video38,95,20,1
143,tadp_accident/video39,tadp,C:\Users\yashr\Downloads\sampled_frames\video39,354,25,1
144,tadp_accident/video4,tadp,C:\Users\yashr\Downloads\sampled_frames\video4,324,25,1
145,tadp_accident/video40,tadp,C:\Users\yashr\Downloads\sampled_frames\video40,470,30,1
147,tadp_accident/video42,tadp,C:\Users\yashr\Downloads\sampled_frames\video42,278,25,1
148,tadp_accident/video43,tadp,C:\Users\yashr\Downloads\sampled_frames\video43,330,30,1
149,tadp_accident/video44,tadp,C:\Users\yashr\Downloads\sampled_frames\video44,205,25,1
150,tadp_accident/video45_1,tadp,C:\Users\yashr\Downloads\sampled_frames\video45_1,756,30,1
151,tadp_accident/video45_2,tadp,C:\Users\yashr\Downloads\sampled_frames\video45_2,756,30,1
152,tadp_accident/video46,tadp,C:\Users\yashr\Downloads\sampled_frames\video46,326,23,1
153,tadp_accident/video47,tadp,C:\Users\yashr\Downloads\sampled_frames\video47,1768,30,1
154,tadp_accident/video48,tadp,C:\Users\yashr\Downloads\sampled_frames\video48,1112,25,1
155,tadp_accident/video49,tadp,C:\Users\yashr\Downloads\sampled_frames\video49,897,25,1
156,tadp_accident/video5,tadp,C:\Users\yashr\Downloads\sampled_frames\video5,230,30,1
157,tadp_accident/video50,tadp,C:\Users\yashr\Downloads\sampled_frames\video50,587,25,1
158,tadp_accident/video51,tadp,C:\Users\yashr\Downloads\sampled_frames\video51,603,30,1
159,tadp_accident/video52,tadp,C:\Users\yashr\Downloads\sampled_frames\video52,396,30,1
160,tadp_accident/video53,tadp,C:\Users\yashr\Downloads\sampled_frames\video53,619,25,1
161,tadp_accident/video54,tadp,C:\Users\yashr\Downloads\sampled_frames\video54,467,30,1
162,tadp_accident/video55,tadp,C:\Users\yashr\Downloads\sampled_frames\video55,412,25,1
163,tadp_accident/video56,tadp,C:\Users\yashr\Downloads\sampled_frames\video56,307,24,1
164,tadp_accident/video57,tadp,C:\Users\yashr\Downloads\sampled_frames\video57,208,30,1
165,tadp_accident/video58,tadp,C:\Users\yashr\Downloads\sampled_frames\video58,620,30,1
166,tadp_accident/video59,tadp,C:\Users\yashr\Downloads\sampled_frames\video59,330,24,1
167,tadp_accident/video6,tadp,C:\Users\yashr\Downloads\sampled_frames\video6,122,30,1
168,tadp_accident/video60,tadp,C:\Users\yashr\Downloads\sampled_frames\video60,684,30,1
169,tadp_accident/video61,tadp,C:\Users\yashr\Downloads\sampled_frames\video61,1049,25,1
170,tadp_accident/video62,tadp,C:\Users\yashr\Downloads\sampled_frames\video62,336,25,1
171,tadp_accident/video63,tadp,C:\Users\yashr\Downloads\sampled_frames\video63,329,30,1
172,tadp_accident/video64,tadp,C:\Users\yashr\Downloads\sampled_frames\video64,296,30,1
173,tadp_accident/video65,tadp,C:\Users\yashr\Downloads\sampled_frames\video65,353,30,1
174,tadp_accident/video66,tadp,C:\Users\yashr\Downloads\sampled_frames\video66,397,17,1
175,tadp_accident/video67,tadp,C:\Users\yashr\Downloads\sampled_frames\video67,447,25,1
176,tadp_accident/video68,tadp,C:\Users\yashr\Downloads\sampled_frames\video68,382,25,1
177,tadp_accident/video69,tadp,C:\Users\yashr\Downloads\sampled_frames\video69,431,14,1
178,tadp_accident/video7,tadp,C:\Users\yashr\Downloads\sampled_frames\video7,382,25,1
179,tadp_accident/video70,tadp,C:\Users\yashr\Downloads\sampled_frames\video70,246,29,1
180,tadp_accident/video71,tadp,C:\Users\yashr\Downloads\sampled_frames\video71,355,30,1
181,tadp_accident/video72,tadp,C:\Users\yashr\Downloads\sampled_frames\video72,265,30,1
182,tadp_accident/video73,tadp,C:\Users\yashr\Downloads\sampled_frames\video73,395,25,1
183,tadp_accident/video74,tadp,C:\Users\yashr\Downloads\sampled_frames\video74,164,30,1
184,tadp_accident/video75,tadp,C:\Users\yashr\Downloads\sampled_frames\video75,266,24,1
185,tadp_accident/video76,tadp,C:\Users\yashr\Downloads\sampled_frames\video76,360,25,1
186,tadp_accident/video77,tadp,C:\Users\yashr\Downloads\sampled_frames\video77,704,30,1
187,tadp_accident/video78,tadp,C:\Users\yashr\Downloads\sampled_frames\video78,218,30,1
188,tadp_accident/video79,tadp,C:\Users\yashr\Downloads\sampled_frames\video79,104,25,1
189,tadp_accident/video8,tadp,C:\Users\yashr\Downloads\sampled_frames\video8,622,25,1
190,tadp_accident/video80,tadp,C:\Users\yashr\Downloads\sampled_frames\video80,228,25,1
191,tadp_accident/video81,tadp,C:\Users\yashr\Downloads\sampled_frames\video81,145,25,1
192,tadp_accident/video82,tadp,C:\Users\yashr\Downloads\sampled_frames\video82,2296,26,1
193,tadp_accident/video83,tadp,C:\Users\yashr\Downloads\sampled_frames\video83,320,15,1
194,tadp_accident/video84,tadp,C:\Users\yashr\Downloads\sampled_frames\video84,307,25,1
195,tadp_accident/video85,tadp,C:\Users\yashr\Downloads\sampled_frames\video85,416,30,1
196,tadp_accident/video86,tadp,C:\Users\yashr\Downloads\sampled_frames\video86,320,30,1
197,tadp_accident/video87,tadp,C:\Users\yashr\Downloads\sampled_frames\video87,164,24,1
198,tadp_accident/video88,tadp,C:\Users\yashr\Downloads\sampled_frames\video88,274,25,1
199,tadp_accident/video89,tadp,C:\Users\yashr\Downloads\sampled_frames\video89,259,25,1
200,tadp_accident/video9,tadp,C:\Users\yashr\Downloads\sampled_frames\video9,284,23,1
201,tadp_accident/video90,tadp,C:\Users\yashr\Downloads\sampled_frames\video90,339,25,1
202,tadp_accident/video91,tadp,C:\Users\yashr\Downloads\sampled_frames\video91,862,25,1
203,tadp_accident/video92,tadp,C:\Users\yashr\Downloads\sampled_frames\video92,1451,28,1
204,tadp_accident/video93,tadp,C:\Users\yashr\Downloads\sampled_frames\video93,259,24,1
205,tadp_accident/video94,tadp,C:\Users\yashr\Downloads\sampled_frames\video94,518,25,1
206,tadp_accident/video95,tadp,C:\Users\yashr\Downloads\sampled_frames\video95,335,30,1
207,tadp_accident/video96,tadp,C:\Users\yashr\Downloads\sampled_frames\video96,95,30,1
208,tadp_accident/video97,tadp,C:\Users\yashr\Downloads\sampled_frames\video97,334,25,1
209,tadp_accident/video98,tadp,C:\Users\yashr\Downloads\sampled_frames\video98,493,30,1
210,tadp_accident/video99,tadp,C:\Users\yashr\Downloads\sampled_frames\video99,761,30,1
211,tadp_accident/videox10_1,tadp,C:\Users\yashr\Downloads\sampled_frames\videox10_1,273,25,1
212,tadp_accident/videox12_1,tadp,C:\Users\yashr\Downloads\sampled_frames\videox12_1,329,25,1
213,tadp_accident/videox13_1,tadp,C:\Users\yashr\Downloads\sampled_frames\videox13_1,297,25,1
214,tadp_accident/videox14_1,tadp,C:\Users\yashr\Downloads\sampled_frames\videox14_1,298,25,1
215,tadp_accident/videox14_2,tadp,C:\Users\yashr\Downloads\sampled_frames\videox14_2,248,25,1
216,tadp_accident/videox14_3,tadp,C:\Users\yashr\Downloads\sampled_frames\videox14_3,298,25,1
217,tadp_accident/videox15_1,tadp,C:\Users\yashr\Downloads\sampled_frames\videox15_1,273,25,1
218,tadp_accident/videox16_1,tadp,C:\Users\yashr\Downloads\sampled_frames\videox16_1,753,25,1
219,tadp_accident/videox16_2,tadp,C:\Users\yashr\Downloads\sampled_frames\videox16_2,769,25,1
220,tadp_accident/videox17_1,tadp,C:\Users\yashr\Downloads\sampled_frames\videox17_1,271,25,1
221,tadp_accident/videox19_1,tadp,C:\Users\yashr\Downloads\sampled_frames\videox19_1,547,25,1
223,tadp_accident/videox20_1,tadp,C:\Users\yashr\Downloads\sampled_frames\videox20_1,264,25,1
224,tadp_accident/videox21_1,tadp,C:\Users\yashr\Downloads\sampled_frames\videox21_1,248,25,1
225,tadp_accident/videox22_1,tadp,C:\Users\yashr\Downloads\sampled_frames\videox22_1,501,25,1
226,tadp_accident/videox23_1,tadp,C:\Users\yashr\Downloads\sampled_frames\videox23_1,548,25,1
227,tadp_accident/videox24_1,tadp,C:\Users\yashr\Downloads\sampled_frames\videox24_1,248,25,1
228,tadp_accident/videox25_1,tadp,C:\Users\yashr\Downloads\sampled_frames\videox25_1,246,25,1
229,tadp_accident/videox2_1,tadp,C:\Users\yashr\Downloads\sampled_frames\videox2_1,273,25,1
230,tadp_accident/videox2_2,tadp,C:\Users\yashr\Downloads\sampled_frames\videox2_2,273,25,1
231,tadp_accident/videox30_1,tadp,C:\Users\yashr\Downloads\sampled_frames\videox30_1,316,25,1
233,tadp_accident/videox32_1,tadp,C:\Users\yashr\Downloads\sampled_frames\videox32_1,275,25,1
234,tadp_accident/videox32_2,tadp,C:\Users\yashr\Downloads\sampled_frames\videox32_2,274,25,1
235,tadp_accident/videox33_1,tadp,C:\Users\yashr\Downloads\sampled_frames\videox33_1,329,25,1
236,tadp_accident/videox3_1,tadp,C:\Users\yashr\Downloads\sampled_frames\videox3_1,748,25,1
237,tadp_accident/videox3_10,tadp,C:\Users\yashr\Downloads\sampled_frames\videox3_10,798,25,1
238,tadp_accident/videox3_11,tadp,C:\Users\yashr\Downloads\sampled_frames\videox3_11,798,25,1
239,tadp_accident/videox3_13,tadp,C:\Users\yashr\Downloads\sampled_frames\videox3_13,748,25,1
240,tadp_accident/videox3_2,tadp,C:\Users\yashr\Downloads\sampled_frames\videox3_2,798,25,1
241,tadp_accident/videox3_3,tadp,C:\Users\yashr\Downloads\sampled_frames\videox3_3,798,25,1
242,tadp_accident/videox3_5,tadp,C:\Users\yashr\Downloads\sampled_frames\videox3_5,798,25,1
243,tadp_accident/videox3_6,tadp,C:\Users\yashr\Downloads\sampled_frames\videox3_6,798,25,1
244,tadp_accident/videox3_7,tadp,C:\Users\yashr\Downloads\sampled_frames\videox3_7,798,25,1
245,tadp_accident/videox3_8,tadp,C:\Users\yashr\Downloads\sampled_frames\videox3_8,748,25,1
246,tadp_accident/videox3_9,tadp,C:\Users\yashr\Downloads\sampled_frames\videox3_9,748,25,1
247,tadp_accident/videox4_2,tadp,C:\Users\yashr\Downloads\sampled_frames\videox4_2,244,25,1
248,tadp_accident/videox5_1,tadp,C:\Users\yashr\Downloads\sampled_frames\videox5_1,247,25,1
249,tadp_accident/videox6_1,tadp,C:\Users\yashr\Downloads\sampled_frames\videox6_1,246,25,1
250,tadp_accident/videox6_2,tadp,C:\Users\yashr\Downloads\sampled_frames\videox6_2,246,25,1
251,tadp_accident/videox6_3,tadp,C:\Users\yashr\Downloads\sampled_frames\videox6_3,329,25,1
252,tadp_accident/videox7_1,tadp,C:\Users\yashr\Downloads\sampled_frames\videox7_1,248,25,1
253,tadp_accident/videox7_2,tadp,C:\Users\yashr\Downloads\sampled_frames\videox7_2,248,25,1
254,tadp_accident/videox7_3,tadp,C:\Users\yashr\Downloads\sampled_frames\videox7_3,248,25,1
255,tadp_accident/videox7_4,tadp,C:\Users\yashr\Downloads\sampled_frames\videox7_4,248,25,1
256,tadp_accident/videox8_1,tadp,C:\Users\yashr\Downloads\sampled_frames\videox8_1,749,25,1
257,tadp_accident/videox8_2,tadp,C:\Users\yashr\Downloads\sampled_frames\videox8_2,770,25,1
258,tadp_accident/videox9_1,tadp,C:\Users\yashr\Downloads\sampled_frames\videox9_1,328,25,1
259,tadp_accident/videox9_2,tadp,C:\Users\yashr\Downloads\sampled_frames\videox9_2,329,25,1
260,tadp_accident/videox9_3,tadp,C:\Users\yashr\Downloads\sampled_frames\videox9_3,246,25,1
261,tadp_normal/20220518_acci-bg1,tadp,C:\Users\yashr\Downloads\sampled_frames\20220518_acci-bg1,548,25,0
262,tadp_normal/20220518_acci-bg10,tadp,C:\Users\yashr\Downloads\sampled_frames\20220518_acci-bg10,498,25,0
263,tadp_normal/20220518_acci-bg12,tadp,C:\Users\yashr\Downloads\sampled_frames\20220518_acci-bg12,499,25,0
264,tadp_normal/20220518_acci-bg14,tadp,C:\Users\yashr\Downloads\sampled_frames\20220518_acci-bg14,248,25,0
265,tadp_normal/20220518_acci-bg16,tadp,C:\Users\yashr\Downloads\sampled_frames\20220518_acci-bg16,498,25,0
266,tadp_normal/20220518_acci-bg18,tadp,C:\Users\yashr\Downloads\sampled_frames\20220518_acci-bg18,495,25,0
267,tadp_normal/20220518_acci-bg20,tadp,C:\Users\yashr\Downloads\sampled_frames\20220518_acci-bg20,273,25,0
268,tadp_normal/20220518_acci-bg22,tadp,C:\Users\yashr\Downloads\sampled_frames\20220518_acci-bg22,298,25,0
269,tadp_normal/20220518_acci-bg24,tadp,C:\Users\yashr\Downloads\sampled_frames\20220518_acci-bg24,498,25,0
270,tadp_normal/20220518_acci-bg26,tadp,C:\Users\yashr\Downloads\sampled_frames\20220518_acci-bg26,498,25,0
271,tadp_normal/20220518_acci-bg28,tadp,C:\Users\yashr\Downloads\sampled_frames\20220518_acci-bg28,248,25,0
272,tadp_normal/20220518_acci-bg3,tadp,C:\Users\yashr\Downloads\sampled_frames\20220518_acci-bg3,548,25,0
273,tadp_normal/20220518_acci-bg30,tadp,C:\Users\yashr\Downloads\sampled_frames\20220518_acci-bg30,898,25,0
274,tadp_normal/20220518_acci-bg32,tadp,C:\Users\yashr\Downloads\sampled_frames\20220518_acci-bg32,497,25,0
275,tadp_normal/20220518_acci-bg34,tadp,C:\Users\yashr\Downloads\sampled_frames\20220518_acci-bg34,98,25,0
276,tadp_normal/20220518_acci-bg36,tadp,C:\Users\yashr\Downloads\sampled_frames\20220518_acci-bg36,551,25,0
277,tadp_normal/20220518_acci-bg38,tadp,C:\Users\yashr\Downloads\sampled_frames\20220518_acci-bg38,498,25,0
278,tadp_normal/20220518_acci-bg40,tadp,C:\Users\yashr\Downloads\sampled_frames\20220518_acci-bg40,978,25,0
279,tadp_normal/20220518_acci-bg42,tadp,C:\Users\yashr\Downloads\sampled_frames\20220518_acci-bg42,525,25,0
280,tadp_normal/20220518_acci-bg44,tadp,C:\Users\yashr\Downloads\sampled_frames\20220518_acci-bg44,548,25,0
281,tadp_normal/20220518_acci-bg46,tadp,C:\Users\yashr\Downloads\sampled_frames\20220518_acci-bg46,489,25,0
282,tadp_normal/20220518_acci-bg48,tadp,C:\Users\yashr\Downloads\sampled_frames\20220518_acci-bg48,540,25,0
283,tadp_normal/20220518_acci-bg50,tadp,C:\Users\yashr\Downloads\sampled_frames\20220518_acci-bg50,537,25,0
284,tadp_normal/20220518_acci-bg52,tadp,C:\Users\yashr\Downloads\sampled_frames\20220518_acci-bg52,516,25,0
285,tadp_normal/20220518_acci-bg54,tadp,C:\Users\yashr\Downloads\sampled_frames\20220518_acci-bg54,548,25,0
286,tadp_normal/20220518_acci-bg56,tadp,C:\Users\yashr\Downloads\sampled_frames\20220518_acci-bg56,298,25,0
287,tadp_normal/20220518_acci-bg58,tadp,C:\Users\yashr\Downloads\sampled_frames\20220518_acci-bg58,329,25,0
288,tadp_normal/20220518_acci-bg6,tadp,C:\Users\yashr\Downloads\sampled_frames\20220518_acci-bg6,549,25,0
289,tadp_normal/20220518_acci-bg60,tadp,C:\Users\yashr\Downloads\sampled_frames\20220518_acci-bg60,526,25,0
290,tadp_normal/20220518_acci-bg62,tadp,C:\Users\yashr\Downloads\sampled_frames\20220518_acci-bg62,348,25,0
291,tadp_normal/20220518_acci-bg8,tadp,C:\Users\yashr\Downloads\sampled_frames\20220518_acci-bg8,246,25,0
292,tadp_normal/20220620_acci-bg11,tadp,C:\Users\yashr\Downloads\sampled_frames\20220620_acci-bg11,530,25,0
293,tadp_normal/20220620_acci-bg13,tadp,C:\Users\yashr\Downloads\sampled_frames\20220620_acci-bg13,548,25,0
294,tadp_normal/20220620_acci-bg16,tadp,C:\Users\yashr\Downloads\sampled_frames\20220620_acci-bg16,268,25,0
295,tadp_normal/20220620_acci-bg18,tadp,C:\Users\yashr\Downloads\sampled_frames\20220620_acci-bg18,548,25,0
296,tadp_normal/20220620_acci-bg20,tadp,C:\Users\yashr\Downloads\sampled_frames\20220620_acci-bg20,523,25,0
297,tadp_normal/20220620_acci-bg22,tadp,C:\Users\yashr\Downloads\sampled_frames\20220620_acci-bg22,548,25,0
298,tadp_normal/20220620_acci-bg24,tadp,C:\Users\yashr\Downloads\sampled_frames\20220620_acci-bg24,551,25,0
299,tadp_normal/20220620_acci-bg26,tadp,C:\Users\yashr\Downloads\sampled_frames\20220620_acci-bg26,553,25,0
300,tadp_normal/20220620_acci-bg29,tadp,C:\Users\yashr\Downloads\sampled_frames\20220620_acci-bg29,498,25,0
301,tadp_normal/20220620_acci-bg3,tadp,C:\Users\yashr\Downloads\sampled_frames\20220620_acci-bg3,503,25,0
302,tadp_normal/20220620_acci-bg31,tadp,C:\Users\yashr\Downloads\sampled_frames\20220620_acci-bg31,488,25,0
303,tadp_normal/20220620_acci-bg33,tadp,C:\Users\yashr\Downloads\sampled_frames\20220620_acci-bg33,498,25,0
304,tadp_normal/20220620_acci-bg35,tadp,C:\Users\yashr\Downloads\sampled_frames\20220620_acci-bg35,500,25,0
305,tadp_normal/20220620_acci-bg37,tadp,C:\Users\yashr\Downloads\sampled_frames\20220620_acci-bg37,498,25,0
306,tadp_normal/20220620_acci-bg39,tadp,C:\Users\yashr\Downloads\sampled_frames\20220620_acci-bg39,489,25,0
307,tadp_normal/20220620_acci-bg41,tadp,C:\Users\yashr\Downloads\sampled_frames\20220620_acci-bg41,498,25,0
308,tadp_normal/20220620_acci-bg44,tadp,C:\Users\yashr\Downloads\sampled_frames\20220620_acci-bg44,538,25,0
309,tadp_normal/20220620_acci-bg48,tadp,C:\Users\yashr\Downloads\sampled_frames\20220620_acci-bg48,544,25,0
310,tadp_normal/20220620_acci-bg5,tadp,C:\Users\yashr\Downloads\sampled_frames\20220620_acci-bg5,498,25,0
311,tadp_normal/20220620_acci-bg7,tadp,C:\Users\yashr\Downloads\sampled_frames\20220620_acci-bg7,545,25,0
312,tadp_normal/20220620_acci-bg9,tadp,C:\Users\yashr\Downloads\sampled_frames\20220620_acci-bg9,537,25,0
313,tadp_normal/20230818_acci-bg_1,tadp,C:\Users\yashr\Downloads\sampled_frames\20230818_acci-bg_1,348,25,0
314,tadp_normal/20230818_acci-bg_103,tadp,C:\Users\yashr\Downloads\sampled_frames\20230818_acci-bg_103,199,25,0
315,tadp_normal/20230818_acci-bg_105,tadp,C:\Users\yashr\Downloads\sampled_frames\20230818_acci-bg_105,248,25,0
316,tadp_normal/20230818_acci-bg_107,tadp,C:\Users\yashr\Downloads\sampled_frames\20230818_acci-bg_107,164,25,0
317,tadp_normal/20230818_acci-bg_11,tadp,C:\Users\yashr\Downloads\sampled_frames\20230818_acci-bg_11,248,25,0
318,tadp_normal/20230818_acci-bg_111,tadp,C:\Users\yashr\Downloads\sampled_frames\20230818_acci-bg_111,298,25,0
319,tadp_normal/20230818_acci-bg_113,tadp,C:\Users\yashr\Downloads\sampled_frames\20230818_acci-bg_113,248,25,0
320,tadp_normal/20230818_acci-bg_115,tadp,C:\Users\yashr\Downloads\sampled_frames\20230818_acci-bg_115,298,25,0
321,tadp_normal/20230818_acci-bg_119,tadp,C:\Users\yashr\Downloads\sampled_frames\20230818_acci-bg_119,248,25,0
322,tadp_normal/20230818_acci-bg_121,tadp,C:\Users\yashr\Downloads\sampled_frames\20230818_acci-bg_121,298,25,0
323,tadp_normal/20230818_acci-bg_123,tadp,C:\Users\yashr\Downloads\sampled_frames\20230818_acci-bg_123,298,25,0
324,tadp_normal/20230818_acci-bg_127,tadp,C:\Users\yashr\Downloads\sampled_frames\20230818_acci-bg_127,273,25,0
325,tadp_normal/20230818_acci-bg_129,tadp,C:\Users\yashr\Downloads\sampled_frames\20230818_acci-bg_129,243,25,0
326,tadp_normal/20230818_acci-bg_131,tadp,C:\Users\yashr\Downloads\sampled_frames\20230818_acci-bg_131,273,25,0
327,tadp_normal/20230818_acci-bg_135,tadp,C:\Users\yashr\Downloads\sampled_frames\20230818_acci-bg_135,300,25,0
328,tadp_normal/20230818_acci-bg_137,tadp,C:\Users\yashr\Downloads\sampled_frames\20230818_acci-bg_137,91,25,0
329,tadp_normal/20230818_acci-bg_139,tadp,C:\Users\yashr\Downloads\sampled_frames\20230818_acci-bg_139,298,25,0
330,tadp_normal/20230818_acci-bg_143,tadp,C:\Users\yashr\Downloads\sampled_frames\20230818_acci-bg_143,298,25,0
331,tadp_normal/20230818_acci-bg_145,tadp,C:\Users\yashr\Downloads\sampled_frames\20230818_acci-bg_145,298,25,0
332,tadp_normal/20230818_acci-bg_147,tadp,C:\Users\yashr\Downloads\sampled_frames\20230818_acci-bg_147,249,25,0
333,tadp_normal/20230818_acci-bg_15,tadp,C:\Users\yashr\Downloads\sampled_frames\20230818_acci-bg_15,148,25,0
334,tadp_normal/20230818_acci-bg_151,tadp,C:\Users\yashr\Downloads\sampled_frames\20230818_acci-bg_151,194,25,0
335,tadp_normal/20230818_acci-bg_153,tadp,C:\Users\yashr\Downloads\sampled_frames\20230818_acci-bg_153,298,25,0
336,tadp_normal/20230818_acci-bg_155,tadp,C:\Users\yashr\Downloads\sampled_frames\20230818_acci-bg_155,248,25,0
337,tadp_normal/20230818_acci-bg_17,tadp,C:\Users\yashr\Downloads\sampled_frames\20230818_acci-bg_17,298,25,0
338,tadp_normal/20230818_acci-bg_19,tadp,C:\Users\yashr\Downloads\sampled_frames\20230818_acci-bg_19,298,25,0
339,tadp_normal/20230818_acci-bg_23,tadp,C:\Users\yashr\Downloads\sampled_frames\20230818_acci-bg_23,248,25,0
340,tadp_normal/20230818_acci-bg_25,tadp,C:\Users\yashr\Downloads\sampled_frames\20230818_acci-bg_25,273,25,0
341,tadp_normal/20230818_acci-bg_27,tadp,C:\Users\yashr\Downloads\sampled_frames\20230818_acci-bg_27,248,25,0
342,tadp_normal/20230818_acci-bg_3,tadp,C:\Users\yashr\Downloads\sampled_frames\20230818_acci-bg_3,148,25,0
343,tadp_normal/20230818_acci-bg_31,tadp,C:\Users\yashr\Downloads\sampled_frames\20230818_acci-bg_31,283,25,0
344,tadp_normal/20230818_acci-bg_33,tadp,C:\Users\yashr\Downloads\sampled_frames\20230818_acci-bg_33,273,25,0
345,tadp_normal/20230818_acci-bg_35,tadp,C:\Users\yashr\Downloads\sampled_frames\20230818_acci-bg_35,267,25,0
346,tadp_normal/20230818_acci-bg_39,tadp,C:\Users\yashr\Downloads\sampled_frames\20230818_acci-bg_39,248,25,0
347,tadp_normal/20230818_acci-bg_41,tadp,C:\Users\yashr\Downloads\sampled_frames\20230818_acci-bg_41,248,25,0
348,tadp_normal/20230818_acci-bg_43,tadp,C:\Users\yashr\Downloads\sampled_frames\20230818_acci-bg_43,273,25,0
349,tadp_normal/20230818_acci-bg_47,tadp,C:\Users\yashr\Downloads\sampled_frames\20230818_acci-bg_47,298,25,0
350,tadp_normal/20230818_acci-bg_49,tadp,C:\Users\yashr\Downloads\sampled_frames\20230818_acci-bg_49,248,25,0
351,tadp_normal/20230818_acci-bg_51,tadp,C:\Users\yashr\Downloads\sampled_frames\20230818_acci-bg_51,248,25,0
352,tadp_normal/20230818_acci-bg_55,tadp,C:\Users\yashr\Downloads\sampled_frames\20230818_acci-bg_55,195,25,0
353,tadp_normal/20230818_acci-bg_57,tadp,C:\Users\yashr\Downloads\sampled_frames\20230818_acci-bg_57,298,25,0
354,tadp_normal/20230818_acci-bg_59,tadp,C:\Users\yashr\Downloads\sampled_frames\20230818_acci-bg_59,198,25,0
355,tadp_normal/20230818_acci-bg_63,tadp,C:\Users\yashr\Downloads\sampled_frames\20230818_acci-bg_63,248,25,0
356,tadp_normal/20230818_acci-bg_65,tadp,C:\Users\yashr\Downloads\sampled_frames\20230818_acci-bg_65,273,25,0
357,tadp_normal/20230818_acci-bg_67,tadp,C:\Users\yashr\Downloads\sampled_frames\20230818_acci-bg_67,298,25,0
358,tadp_normal/20230818_acci-bg_7,tadp,C:\Users\yashr\Downloads\sampled_frames\20230818_acci-bg_7,298,25,0
359,tadp_normal/20230818_acci-bg_71,tadp,C:\Users\yashr\Downloads\sampled_frames\20230818_acci-bg_71,280,25,0
360,tadp_normal/20230818_acci-bg_73,tadp,C:\Users\yashr\Downloads\sampled_frames\20230818_acci-bg_73,148,25,0
361,tadp_normal/20230818_acci-bg_75,tadp,C:\Users\yashr\Downloads\sampled_frames\20230818_acci-bg_75,296,24,0
362,tadp_normal/20230818_acci-bg_79,tadp,C:\Users\yashr\Downloads\sampled_frames\20230818_acci-bg_79,148,25,0
363,tadp_normal/20230818_acci-bg_81,tadp,C:\Users\yashr\Downloads\sampled_frames\20230818_acci-bg_81,199,25,0
364,tadp_normal/20230818_acci-bg_83,tadp,C:\Users\yashr\Downloads\sampled_frames\20230818_acci-bg_83,208,25,0
365,tadp_normal/20230818_acci-bg_87,tadp,C:\Users\yashr\Downloads\sampled_frames\20230818_acci-bg_87,248,25,0
366,tadp_normal/20230818_acci-bg_89,tadp,C:\Users\yashr\Downloads\sampled_frames\20230818_acci-bg_89,298,25,0
367,tadp_normal/20230818_acci-bg_9,tadp,C:\Users\yashr\Downloads\sampled_frames\20230818_acci-bg_9,298,25,0
368,tadp_normal/20230818_acci-bg_91,tadp,C:\Users\yashr\Downloads\sampled_frames\20230818_acci-bg_91,194,25,0
369,tadp_normal/20230818_acci-bg_95,tadp,C:\Users\yashr\Downloads\sampled_frames\20230818_acci-bg_95,248,25,0
370,tadp_normal/20230818_acci-bg_97,tadp,C:\Users\yashr\Downloads\sampled_frames\20230818_acci-bg_97,299,25,0
371,tadp_normal/20230818_acci-bg_99,tadp,C:\Users\yashr\Downloads\sampled_frames\20230818_acci-bg_99,198,25,0
372,tudat/_accident/v1,tudat/,C:\Users\yashr\Downloads\sampled_frames\accident-v1,1377,59,1
373,tudat/_accident/v10,tudat/,C:\Users\yashr\Downloads\sampled_frames\accident-v10,685,58,1
374,tudat/_accident/v11,tudat/,C:\Users\yashr\Downloads\sampled_frames\accident-v11,885,58,1
375,tudat/_accident/v12,tudat/,C:\Users\yashr\Downloads\sampled_frames\accident-v12,512,59,1
376,tudat/_accident/v13,tudat/,C:\Users\yashr\Downloads\sampled_frames\accident-v13,1481,59,1
377,tudat/_accident/v14,tudat/,C:\Users\yashr\Downloads\sampled_frames\accident-v14,378,57,1
378,tudat/_accident/v15,tudat/,C:\Users\yashr\Downloads\sampled_frames\accident-v15,784,59,1
379,tudat/_accident/v16,tudat/,C:\Users\yashr\Downloads\sampled_frames\accident-v16,1029,58,1
380,tudat/_accident/v18,tudat/,C:\Users\yashr\Downloads\sampled_frames\accident-v18,382,58,1
381,tudat/_accident/v19,tudat/,C:\Users\yashr\Downloads\sampled_frames\accident-v19,197,53,1
382,tudat/_accident/v2,tudat/,C:\Users\yashr\Downloads\sampled_frames\accident-v2,233,57,1
383,tudat/_accident/v20,tudat/,C:\Users\yashr\Downloads\sampled_frames\accident-v20,786,57,1
384,tudat/_accident/v21,tudat/,C:\Users\yashr\Downloads\sampled_frames\accident-v21,1031,59,1
385,tudat/_accident/v22,tudat/,C:\Users\yashr\Downloads\sampled_frames\accident-v22,413,58,1
386,tudat/_accident/v23,tudat/,C:\Users\yashr\Downloads\sampled_frames\accident-v23,549,58,1
387,tudat/_accident/v24,tudat/,C:\Users\yashr\Downloads\sampled_frames\accident-v24,488,58,1
388,tudat/_accident/v25,tudat/,C:\Users\yashr\Downloads\sampled_frames\accident-v25,881,59,1
389,tudat/_accident/v26,tudat/,C:\Users\yashr\Downloads\sampled_frames\accident-v26,616,58,1
390,tudat/_accident/v27,tudat/,C:\Users\yashr\Downloads\sampled_frames\accident-v27,538,57,1
391,tudat/_accident/v28,tudat/,C:\Users\yashr\Downloads\sampled_frames\accident-v28,358,58,1
392,tudat/_accident/v29,tudat/,C:\Users\yashr\Downloads\sampled_frames\accident-v29,803,58,1
393,tudat/_accident/v3,tudat/,C:\Users\yashr\Downloads\sampled_frames\accident-v3,852,60,1
394,tudat/_accident/v30,tudat/,C:\Users\yashr\Downloads\sampled_frames\accident-v30,1384,59,1
395,tudat/_accident/v31,tudat/,C:\Users\yashr\Downloads\sampled_frames\accident-v31,374,56,1
396,tudat/_accident/v32,tudat/,C:\Users\yashr\Downloads\sampled_frames\accident-v32,798,58,1
397,tudat/_accident/v33,tudat/,C:\Users\yashr\Downloads\sampled_frames\accident-v33,248,59,1
398,tudat/_accident/v34,tudat/,C:\Users\yashr\Downloads\sampled_frames\accident-v34,239,59,1
399,tudat/_accident/v35,tudat/,C:\Users\yashr\Downloads\sampled_frames\accident-v35,169,59,1
400,tudat/_accident/v36,tudat/,C:\Users\yashr\Downloads\sampled_frames\accident-v36,325,57,1
401,tudat/_accident/v37,tudat/,C:\Users\yashr\Downloads\sampled_frames\accident-v37,286,56,1
402,tudat/_accident/v38,tudat/,C:\Users\yashr\Downloads\sampled_frames\accident-v38,303,56,1
403,tudat/_accident/v39,tudat/,C:\Users\yashr\Downloads\sampled_frames\accident-v39,262,58,1
404,tudat/_accident/v4,tudat/,C:\Users\yashr\Downloads\sampled_frames\accident-v4,526,60,1
405,tudat/_accident/v40,tudat/,C:\Users\yashr\Downloads\sampled_frames\accident-v40,329,58,1
406,tudat/_accident/v41,tudat/,C:\Users\yashr\Downloads\sampled_frames\accident-v41,2117,59,1
407,tudat/_accident/v42,tudat/,C:\Users\yashr\Downloads\sampled_frames\accident-v42,237,35,1
408,tudat/_accident/v43,tudat/,C:\Users\yashr\Downloads\sampled_frames\accident-v43,661,58,1
409,tudat/_accident/v44,tudat/,C:\Users\yashr\Downloads\sampled_frames\accident-v44,650,58,1
410,tudat/_accident/v45,tudat/,C:\Users\yashr\Downloads\sampled_frames\accident-v45,690,57,1
411,tudat/_accident/v46,tudat/,C:\Users\yashr\Downloads\sampled_frames\accident-v46,397,59,1
412,tudat/_accident/v47,tudat/,C:\Users\yashr\Downloads\sampled_frames\accident-v47,515,58,1
413,tudat/_accident/v48,tudat/,C:\Users\yashr\Downloads\sampled_frames\accident-v48,729,59,1
414,tudat/_accident/v49,tudat/,C:\Users\yashr\Downloads\sampled_frames\accident-v49,608,57,1
415,tudat/_accident/v5,tudat/,C:\Users\yashr\Downloads\sampled_frames\accident-v5,656,59,1
416,tudat/_accident/v50,tudat/,C:\Users\yashr\Downloads\sampled_frames\accident-v50,942,59,1
417,tudat/_accident/v51,tudat/,C:\Users\yashr\Downloads\sampled_frames\accident-v51,637,59,1
418,tudat/_accident/v6,tudat/,C:\Users\yashr\Downloads\sampled_frames\accident-v6,665,59,1
419,tudat/_accident/v7,tudat/,C:\Users\yashr\Downloads\sampled_frames\accident-v7,1020,59,1
420,tudat/_accident/v8,tudat/,C:\Users\yashr\Downloads\sampled_frames\accident-v8,449,58,1
421,tudat/_accident/v9,tudat/,C:\Users\yashr\Downloads\sampled_frames\accident-v9,433,57,1
422,tudat/_normal/v1,tudat/,C:\Users\yashr\Downloads\sampled_frames\normal-v1,903,59,0
423,tudat/_normal/v10,tudat/,C:\Users\yashr\Downloads\sampled_frames\normal-v10,285,56,0
424,tudat/_normal/v11,tudat/,C:\Users\yashr\Downloads\sampled_frames\normal-v11,220,55,0
425,tudat/_normal/v12,tudat/,C:\Users\yashr\Downloads\sampled_frames\normal-v12,133,59,0
426,tudat/_normal/v13,tudat/,C:\Users\yashr\Downloads\sampled_frames\normal-v13,241,57,0
427,tudat/_normal/v14,tudat/,C:\Users\yashr\Downloads\sampled_frames\normal-v14,210,56,0
428,tudat/_normal/v15,tudat/,C:\Users\yashr\Downloads\sampled_frames\normal-v15,294,58,0
430,tudat/_normal/v18,tudat/,C:\Users\yashr\Downloads\sampled_frames\normal-v18,183,57,0
432,tudat/_normal/v2,tudat/,C:\Users\yashr\Downloads\sampled_frames\normal-v2,146,55,0
433,tudat/_normal/v20,tudat/,C:\Users\yashr\Downloads\sampled_frames\normal-v20,293,55,0
434,tudat/_normal/v21,tudat/,C:\Users\yashr\Downloads\sampled_frames\normal-v21,640,59,0
435,tudat/_normal/v22,tudat/,C:\Users\yashr\Downloads\sampled_frames\normal-v22,144,56,0
436,tudat/_normal/v23,tudat/,C:\Users\yashr\Downloads\sampled_frames\normal-v23,227,57,0
437,tudat/_normal/v24,tudat/,C:\Users\yashr\Downloads\sampled_frames\normal-v24,153,56,0
438,tudat/_normal/v25,tudat/,C:\Users\yashr\Downloads\sampled_frames\normal-v25,395,59,0
439,tudat/_normal/v26,tudat/,C:\Users\yashr\Downloads\sampled_frames\normal-v26,311,57,0
440,tudat/_normal/v27,tudat/,C:\Users\yashr\Downloads\sampled_frames\normal-v27,193,54,0
441,tudat/_normal/v28,tudat/,C:\Users\yashr\Downloads\sampled_frames\normal-v28,67,53,0
442,tudat/_normal/v29,tudat/,C:\Users\yashr\Downloads\sampled_frames\normal-v29,342,56,0
443,tudat/_normal/v3,tudat/,C:\Users\yashr\Downloads\sampled_frames\normal-v3,314,60,0
444,tudat/_normal/v30,tudat/,C:\Users\yashr\Downloads\sampled_frames\normal-v30,1025,58,0
446,tudat/_normal/v32,tudat/,C:\Users\yashr\Downloads\sampled_frames\normal-v32,282,56,0
447,tudat/_normal/v33,tudat/,C:\Users\yashr\Downloads\sampled_frames\normal-v33,62,57,0
448,tudat/_normal/v34,tudat/,C:\Users\yashr\Downloads\sampled_frames\normal-v34,89,58,0
450,tudat/_normal/v36,tudat/,C:\Users\yashr\Downloads\sampled_frames\normal-v36,160,55,0
451,tudat/_normal/v37,tudat/,C:\Users\yashr\Downloads\sampled_frames\normal-v37,160,54,0
452,tudat/_normal/v38,tudat/,C:\Users\yashr\Downloads\sampled_frames\normal-v38,169,54,0
453,tudat/_normal/v39,tudat/,C:\Users\yashr\Downloads\sampled_frames\normal-v39,117,57,0
454,tudat/_normal/v4,tudat/,C:\Users\yashr\Downloads\sampled_frames\normal-v4,88,60,0
455,tudat/_normal/v40,tudat/,C:\Users\yashr\Downloads\sampled_frames\normal-v40,188,56,0
456,tudat/_normal/v41,tudat/,C:\Users\yashr\Downloads\sampled_frames\normal-v41,859,59,0
458,tudat/_normal/v43,tudat/,C:\Users\yashr\Downloads\sampled_frames\normal-v43,270,57,0
459,tudat/_normal/v44,tudat/,C:\Users\yashr\Downloads\sampled_frames\normal-v44,91,52,0
460,tudat/_normal/v46,tudat/,C:\Users\yashr\Downloads\sampled_frames\normal-v46,153,52,0
461,tudat/_normal/v47,tudat/,C:\Users\yashr\Downloads\sampled_frames\normal-v47,200,56,0
462,tudat/_normal/v48,tudat/,C:\Users\yashr\Downloads\sampled_frames\normal-v48,165,56,0
463,tudat/_normal/v49,tudat/,C:\Users\yashr\Downloads\sampled_frames\normal-v49,201,54,0
464,tudat/_normal/v5,tudat/,C:\Users\yashr\Downloads\sampled_frames\normal-v5,165,57,0
465,tudat/_normal/v50,tudat/,C:\Users\yashr\Downloads\sampled_frames\normal-v50,389,57,0
466,tudat/_normal/v51,tudat/,C:\Users\yashr\Downloads\sampled_frames\normal-v51,227,57,0
467,tudat/_normal/v6,tudat/,C:\Users\yashr\Downloads\sampled_frames\normal-v6,137,56,0
468,tudat/_normal/v7,tudat/,C:\Users\yashr\Downloads\sampled_frames\normal-v7,237,57,0
469,tudat/_normal/v8,tudat/,C:\Users\yashr\Downloads\sampled_frames\normal-v8,118,56,0
470,tudat/_normal/v9,tudat/,C:\Users\yashr\Downloads\sampled_frames\normal-v9,181,54,0
